"celltype","Mean_BANK1_Expression","Median_BANK1_Expression","Number_of_Cells"
"Naive_T_cells",0.00363169392053658,0,1999
"Neutrophils_1",0.01350455958954,0,1792
"Cytotoxic_T_gamma_delta",0.00579962948974457,0,1228
"Naive_B_cells",1.73189680146247,1.88812348195894,1174
"Monocytes",0.0312866314308093,0,1170
"Memory_CD4_T_cells",0.00459492205308413,0,940
"Neutrophils_2",0.0078807754631523,0,764
"Macrophage_like",0.0450192087713297,0,759
"Neutrophils_3",0.0383197933325593,0,632
"Platelets",0.224754541697666,0,550
"NK_cells",0.00944819084467254,0,425
"T_NK_transition",0.00877477233301167,0,289
"Activated_Neutrophils",0.00649469856616025,0,221
"Dendritic_cells",0.0848573021699695,0,217
"Plasma_cells",0.112220642521099,0,128
"Macrophage_DC",0.00705581008708952,0,112
"Erythroid_cells",0.0057771107812109,0,58
"Unknown",0.21427963561871,0,21
