"gene","max_log2FC","mean_log2FC","max_pct1","mean_pct1","min_adj_pvalue","cluster_count","Expression_score","Disease_score","Cell_support_score","Expression_frequency_score","Therapeutic_Target_Score","Autoimmune_Target_Score","B_cell_specificity_score","B_cell_specificity_score_scaled","Autoimmune_Target_Score_v3"
"VPREB3",6.98005574503619,6.98005574503619,0.752,0.752,0,1,3.53455208779918,3.94841719016947,-0.97025381767587,0.773478313460829,7.28619377375361,2.17536185550602,243.357500908619,42.532773319203,12.4564386631061
"PAX5",6.44710926189027,6.44710926189027,0.598,0.598,0,1,3.16925522993868,3.56451254446925,-0.97025381767587,0.136303705516023,5.89981766224808,1.7767834755554,172.677474228093,30.1146052527095,9.09994842040612
"IGHD",6.58043572388503,6.58043572388503,0.872,0.872,0,1,3.26064102415361,3.66055342244338,-0.97025381767587,1.26997800796328,7.2209186368844,2.16877723242351,149.500222152397,26.0424645771489,8.2423701039959
"MS4A1",6.4434722928684,6.4434722928684,0.954,0.954,0,1,3.16676234669836,3.56189267671907,-0.97025381767587,1.60925279920661,7.36765400494817,2.21725267330195,138.234609388003,24.0631462428105,7.73309404032731
"FCRLA",6.43072776157726,6.43072776157726,0.317,0.317,0,1,3.15802687816111,3.55271223379531,-0.97025381767587,-1.02633307911054,4.71415221517001,1.42161666107604,144.222224064503,25.115143657954,7.72803357969688
"FCRL1",6.06681510468932,6.06681510468932,0.623,0.623,0,1,2.90859066964703,3.29057004123648,-0.97025381767587,0.239741141870699,5.46864803507834,1.659801918272,137.454343594518,23.9260569940498,7.42883943634849
"CD22",5.78015154841857,5.78015154841857,0.687,0.687,0,1,2.7121032179414,3.08407375223637,-0.97025381767587,0.504540978938671,5.33046413144057,1.62767067790123,109.874055792924,19.0803224162949,6.1426393985754
"LINC00926",5.46598988568782,5.46598988568782,0.797,0.797,0,1,2.49676777266678,2.85776937527284,-0.97025381767587,0.959665698899247,5.343949029163,1.64193447289724,102.156114189952,17.7243142134925,5.73819141772688
"BLK",6.88661223755119,6.88661223755119,0.577,0.577,0,1,3.47050321844509,3.88110574752281,-0.97025381767587,0.0494162589780948,6.43077140727013,1.92177446036405,58.5061267327176,10.0552044833228,4.23163704202298
"TRIM10",13.3308434761138,13.3308434761138,0.368,0.368,0,1,7.88756477569125,8.52316717149006,-0.97025381767587,-0.815320708946999,14.6251574205584,4.17048717982429,0,-0.224063208106119,3.85137716101266
"TNFRSF13C",6.10373578225028,6.10373578225028,0.702,0.702,0,1,2.93389716463221,3.31716561900328,-0.97025381767587,0.566603440751476,5.8474124067111,1.77223035915165,51.8691547923265,8.88911786905317,3.71533085731449
"FCER2",4.78516393537733,4.78516393537733,0.265,0.265,3.48441651051122e-243,1,2.0301100720094,2.3673406858956,-0.97025381767587,-1.24148294672827,2.18571399350086,0.716608297795479,65.5060480309864,11.2850596944284,3.66780277645345
"GYPB",12.1503157070481,12.1503157070481,0.789,0.789,0,1,7.07839706693523,7.67278142122261,-0.97025381767587,0.92656571926575,14.7074903897477,4.2335845539433,0,-0.224063208106119,3.60861653700249
"EBF1",4.90575657232681,4.90575657232681,0.326,0.326,5.89902389918752e-268,1,2.11276773605612,2.45420883312281,-0.97025381767587,-0.989095602022855,2.60762714948021,0.839259885545972,58.8224893022963,10.1107879875104,3.44206556117199
"BANK1",5.51966681482898,5.51966681482898,0.898,0.898,0,1,2.53355948473348,2.89643521343088,-0.97025381767587,1.37755294177214,5.83729382226062,1.78819203152776,45.3366683005095,7.74138888595371,3.30320690399022
"TCL1A",6.96675728088148,6.96675728088148,0.754,0.754,0,1,3.52543693773494,3.93883772519292,-0.97025381767587,0.781753308369203,7.27577415362119,2.17266851122389,34.3815339038167,5.81662022755931,3.27353102018023
"EPB42",11.0244480724438,11.0244480724438,0.754,0.754,0,1,6.30669498746926,6.86176975487905,-0.97025381767587,0.781753308369203,12.9799642330416,3.7519463315609,0.00667278703854968,-0.222890828937515,3.19678447490873
"LINC02397",6.87901269922805,6.87901269922805,0.549,0.549,0,1,3.46529427616209,3.87563146790995,-0.97025381767587,-0.0664336697391423,6.30423825665703,1.88406169542778,34.7024872643827,5.87301031341806,3.17181943433463
"ALAS2",10.4183608245736,10.4183608245736,0.965,0.965,0,1,5.89126534446009,6.42517861952987,-0.97025381767587,1.65476527120267,13.0009554175168,3.77795709443689,0.00398037604309358,-0.223363873640749,3.06990414080968
"SLC4A1",10.2082722217851,10.2082722217851,0.912,0.912,0,1,5.74726456971452,6.27384261644175,-0.97025381767587,1.43547790613076,12.4863312746112,3.63040312888536,0.00803331573378436,-0.222651790063448,2.97395246932126
"HBA2",10.0873307034884,10.0873307034884,1,1,2.79093209747208e-66,1,5.66436777235154,6.18672315473131,-0.97025381767587,1.79957768209922,12.6804147915062,3.69256189060465,0.0144854161874708,-0.221518184551697,2.96793065031032
"CD79A",5.86257594456255,3.29430259461633,0.971,0.925,0,2,2.76859927125,1.29340809995469,-0.307232927428156,1.67959025592779,5.43436469970433,1.46420482689826,44.5925851509377,7.61065676769073,2.96628056263765
"HBB",10.0700897665823,10.0700897665823,1,1,1.49657954593642e-52,1,5.65255033799829,6.17430375431534,-0.97025381767587,1.79957768209922,12.656177956737,3.68585161358841,0.0144104721504634,-0.221531351887518,2.96183805148092
"HBA1",10.0487290320971,10.0487290320971,1,1,5.25572710840997e-92,1,5.63790907581569,6.15891668363606,-0.97025381767587,1.79957768209922,12.6261496238751,3.67753788641414,0.0148959312559648,-0.221446058869891,2.95431500109502
"CA1",10.1622351564687,10.1622351564687,0.877,0.877,0,1,5.7157094401902,6.24068010611793,-0.97025381767587,1.29066549523421,12.2768012238665,3.5690415010982,0.00110619537723029,-0.223868854471097,2.94290718312768
"IFIT1B",10.3943083327292,10.3943083327292,0.439,0.439,0,1,5.87477907431415,6.40785255837411,-0.97025381767587,-0.521558389699718,10.7908194253127,3.11569862073247,0,-0.224063208106119,2.84360186872718
"ACKR1",10.4613303962317,10.4613303962317,0.333,0.333,0,1,5.9207179255479,6.45613148009838,-0.97025381767587,-0.960133119843546,10.4464624681269,3.01021159453957,0,-0.224063208106119,2.82341584247683
"FGFBP2",9.83563338438755,9.83563338438755,0.837,0.837,0,1,5.49184718593784,6.00541457466015,-0.97025381767587,1.12516559706673,11.6521735399888,3.39227614478726,0.0426159219055767,-0.216575779119652,2.81282835186099
"SPTA1",10.2852412866895,10.2852412866895,0.439,0.439,0,1,5.80002138198593,6.32928679803683,-0.97025381767587,-0.521558389699718,10.6374959726472,3.07324906614878,0.00376508510072495,-0.22340169930708,2.80524597936011
"AHSP",9.64749595222871,9.64749595222871,0.982,0.982,0,1,5.36289237530116,5.86989095921279,-0.97025381767587,1.72510272792385,11.9876322447619,3.49903305651048,0.00441312704696521,-0.223287841203448,2.80469600266421
"HBM",9.80993380113665,9.80993380113665,0.789,0.789,0,1,5.47423195193824,5.98690204157363,-0.97025381767587,0.92656571926575,11.4174458951018,3.32269374806676,0.00423735699294369,-0.2233187232245,2.78220582132881
"GYPA",9.88927802946523,9.88927802946523,0.667,0.667,0,1,5.52861676957829,6.04405715719619,-0.97025381767587,0.42179102985493,11.0242111389535,3.20214259523942,0.00541111620702229,-0.223112498922181,2.75980340667808
"CD79B",5.61460872999789,5.61460872999789,0.959,0.959,0,1,2.59863540583861,2.96482602462428,-0.97025381767587,1.62994028647755,6.22314789926457,1.9008602030781,31.4319507382614,5.29839151152434,2.75122872243247
"PTCRA",9.89734587027085,9.89734587027085,0.602,0.602,0,1,5.53414669986063,6.04986877555563,-0.97025381767587,0.152853695332771,10.7666153530732,3.12460144736505,0.012696556760639,-0.221832479240777,2.73607914971052
"PPBP",9.42723870689626,9.42723870689626,0.951,0.951,0,1,5.21192172030028,5.7112300384518,-0.97025381767587,1.59684030684405,11.5497382479203,3.37482887692002,0.00961072195603238,-0.222374646767146,2.71430565193684
"GP9",9.65405868291417,9.65405868291417,0.755,0.755,0,1,5.36739065978975,5.8746183809677,-0.97025381767587,0.78589080582339,11.057646028905,3.21982373439228,0.00778740929340946,-0.222694994737366,2.71324090549488
"CMTM5",9.67106149683928,9.67106149683928,0.703,0.703,0,1,5.37904487779859,5.88686625099265,-0.97025381767587,0.570740938205663,10.866398249321,3.16189637221747,0.0163174475329328,-0.221196304747465,2.69810579583983
"IGF1",9.59719221355448,9.59719221355448,0.727,0.727,0,1,5.32841274506163,5.83365497758265,-0.97025381767587,0.670040877106153,10.8618547820746,3.16293598164672,0,-0.224063208106119,2.68122925531982
"OSBPL10",5.83154569867278,3.53360823894775,0.424,0.3745,1.11412345010097e-280,2,2.74733024766013,1.46579041507725,-0.307232927428156,-0.583620851512524,3.3222668837967,0.841321500241082,42.0261806569584,7.15975084943335,2.67469386214806
"AFF3",6.71511975265092,6.71511975265092,0.699,0.699,0,1,3.35295733370453,3.75757221509895,-0.97025381767587,0.554190948388915,6.69446667951653,2.00646095389083,22.4271703117639,3.71629141918062,2.63681700825326
"S1PR5",9.71504851906523,9.71504851906523,0.419,0.419,0,1,5.40919484878804,5.91855202567566,-0.97025381767587,-0.604308338783459,9.75318471800437,2.82650160445767,0.0593585417474047,-0.213634174866884,2.59802712721386
"ART4",9.85792300405389,9.85792300405389,0.298,0.298,2.89313647996304e-244,1,5.50712513275711,6.02147076193488,-0.97025381767587,-1.10494553074009,9.45339654627602,2.73191806135522,0.0414604430628419,-0.21677879164158,2.5976389314961
"TREML1",9.52255105407382,9.52255105407382,0.549,0.549,0,1,5.27725154616525,5.77988768801179,-0.97025381767587,-0.0664336697391423,10.020451746762,2.91294282646405,0.0132966462529565,-0.221727046171203,2.58180341446849
"CD72",5.2380199867792,5.2380199867792,0.366,0.366,0,1,2.340510642933,2.69355269303823,-0.97025381767587,-0.823595703855373,3.24021381443998,1.01822878734199,35.6186062629431,6.03396836942522,2.55676238581745
"PF4",8.94856599370144,8.94856599370144,0.959,0.959,0,1,4.88382566637483,5.36642116143158,-0.97025381767587,1.62994028647755,10.9099332966081,3.1984565530679,0.021969344985889,-0.220203291363604,2.54909661485991
"TMEM40",9.27100031420796,9.27100031420796,0.637,0.637,0,1,5.1048314293778,5.59868469537023,-0.97025381767587,0.297666106229318,10.0309284133015,2.92426768847256,0.0195769068613421,-0.220623632160214,2.52964432441813
"FCRL2",5.64349739114568,3.06781042653696,0.43,0.4045,0,2,2.61843652561107,1.13025589182467,-0.307232927428156,-0.558795866787402,2.88266362322018,0.705553168110403,40.9364501467228,6.96829001871722,2.50287205155596
"TUBB1",8.87244242336631,8.87244242336631,0.835,0.835,0,1,4.83164838041471,5.31158602652941,-0.97025381767587,1.11689060215835,10.2898711914266,3.01491389336436,0.016478534862637,-0.221168002416133,2.47066447100219
"CTTN",9.21799329011416,9.21799329011416,0.47,0.47,0,1,5.06849888951057,5.56050141909786,-0.97025381767587,-0.39329596861992,9.26545052231264,2.69634841134901,0.0167198300950145,-0.221125607911065,2.44170113214033
"GNG11",8.66710600103586,8.66710600103586,0.874,0.874,0,1,4.69090488692384,5.16367322673233,-0.97025381767587,1.27825300287165,10.1625772988519,2.9834044349512,0.0271900374096469,-0.219286038796132,2.41474866334122
